<?xml version="1.0" encoding="UTF-8"?>
<beans:beans
	xmlns="http://www.springframework.org/schema/mvc"
	xmlns:xsi="http://www.w3.org/2001/XMLSchema-instance"
	xmlns:beans="http://www.springframework.org/schema/beans"
	xmlns:context="http://www.springframework.org/schema/context"
	xsi:schemaLocation="http://www.springframework.org/schema/mvc https://www.springframework.org/schema/mvc/spring-mvc.xsd
		http://www.springframework.org/schema/beans https://www.springframework.org/schema/beans/spring-beans.xsd
		http://www.springframework.org/schema/context https://www.springframework.org/schema/context/spring-context.xsd">

	<!-- DispatcherServlet Context: defines this servlet's request-processing 
		infrastructure -->

	<!-- Enables the Spring MVC @Controller programming model -->
	<annotation-driven />

	<!-- Handles HTTP GET requests for /resources/** by efficiently serving 
		up static resources in the ${webappRoot}/resources directory -->
	<resources mapping="/resources/**" location="/resources/" />

	<!-- Resolves views selected for rendering by @Controllers to .jsp resources 
		in the /WEB-INF/views directory -->
	<beans:bean
		class="org.springframework.web.servlet.view.InternalResourceViewResolver">
		<beans:property name="prefix" value="/WEB-INF/views/" />
		<beans:property name="suffix" value=".jsp" />
	</beans:bean>



	<!-- 업로드 패스 설정 -->
	<beans:bean class="java.lang.String" id="uploadPath">
		<beans:constructor-arg
			value="D:\kubg\workspace\.metadata\.plugins\org.eclipse.wst.server.core\tmp0\wtpwebapps\kubg\resources" />
	</beans:bean>

	<!-- 일반 파일 업로드 경로 -->
	<resources mapping="/imgUpload/**"
		location="/resources/imgUpload/" />

	<!-- 반드시 id를 multipartResolver로 선언 -->
	<!-- 최대 업로드 가능한 바이트 크기(바이트 단위), -1은 제한이 없음을 의미 - <beans:property name="maxUploadSize" 
		value="10485760" /> 업로드 요청을 변환할 때 사용할 문자 인코딩 방식 <beans:property name="defaultEncoding" 
		value="utf-8" /> -->
	<beans:bean id="multipartResolver"
		class="org.springframework.web.multipart.commons.CommonsMultipartResolver">

		<beans:property name="maxUploadSize" value="10485760" />
		<beans:property name="defaultEncoding" value="utf-8" />

	</beans:bean>

	<context:component-scan
		base-package="com.kaactueail" />
	<context:component-scan
		base-package="com.kaactueail.controller" />
	<context:component-scan
		base-package="com.kaactueail.dao" />
	<context:component-scan
		base-package="com.kaactueail.dto" />
	<context:component-scan
		base-package="com.kaactueail.mappers" />



</beans:beans>
