<?xml version="1.0" encoding="UTF-8"?>
<!-- signmapper.xml  DML 명령 처리 -->
<!DOCTYPE mapper PUBLIC "-//mybatis.org//DTD Mapper 3.0//EN"
 	"http://mybatis.org/dtd/mybatis-3-mapper.dtd"> 
 	
 <mapper namespace="com.kaactueail.mappers.signmapper">
 	 
 	 <!-- 회원가입 -->
 	 <insert id="insertmember"   parameterType="com.kaactueail.dto.MemberDTO">
 	 	INSERT INTO MEMBER VALUE(MNUM, MID, MPWD, MNAME, MTEL,MBIRTH, MROLE)
 	 	VALUES(#{mNum}, #{mId},#{mPwd},#{mName},#{mTel} ,#{mBirth}, #{mRole})
 	 </insert>
 	                                               
 	 <!-- 회원번호 중복체크 -->
 	 <select id = "selectmNum" parameterType="int" resultType="int">
 	 	SELECT COUNT(*) FROM MEMBER WHERE MNUM = #{mNum}
 	 </select>
 	 
 	  <!-- 아이디 비밀번호 체크(로그인)  -->
 	 <select id = "checkMember" parameterType="com.kaactueail.dto.MemberDTO" resultType="String">
 	 	SELECT COUNT(*) FROM MEMBER WHERE MID = #{mId} AND MPWD = #{mPwd}
 	 </select> 
 	 
 	 <!-- 로그인한 사용자 권한 가져오기 -->
 	 <select id="memberRole" parameterType = "String" resultType = "String">
 	 	SELECT MROLE FROM MEMBER WHERE MID = #{mId}
 	 </select>
 	 
 	 <!-- 로그인한 사용자 회원번호 가져오기 -->
 	 <select id="memberNum" parameterType = "String" resultType = "int">
 	 	SELECT MNUM FROM MEMBER WHERE MID = #{mId}
 	 </select>
 	 
 	 <!-- 로그인 ID 중복 확인 -->
 	 <select id="checkId" parameterType = "String" resultType = "int">
 	 	SELECT COUNT(*) FROM MEMBER WHERE MID = #{mId}
 	 </select>
 	 
 	 
 </mapper>